Cdia, CQs, CSQs, Mdia, MQs, MSQs
0.000000, 0.000000, -0.810978, 0.000000, 0.000000, 0.043369
0.050000, 0.000001, -0.784848, 0.000000, 0.000000, 0.049288
0.060000, 0.000003, -0.758881, 0.060000, 0.000008, 0.055346
0.070000, 0.000007, -0.733074, 0.070000, 0.000020, 0.061541
0.080000, 0.000016, -0.707426, 0.080000, 0.000045, 0.067873
0.090000, 0.000032, -0.681936, 0.090000, 0.000091, 0.074342
0.100000, 0.000060, -0.656602, 0.100000, 0.000172, 0.080949
0.110000, 0.000105, -0.631422, 0.110000, 0.000306, 0.087692
0.120000, 0.000176, -0.606396, 0.120000, 0.000516, 0.094571
0.130000, 0.000282, -0.581520, 0.130000, 0.000835, 0.101587
0.140000, 0.000434, -0.556794, 0.140000, 0.001301, 0.108738
0.150000, 0.000648, -0.532216, 0.150000, 0.001962, 0.116025
0.160000, 0.000940, -0.507785, 0.160000, 0.002874, 0.123447
0.170000, 0.001328, -0.483499, 0.170000, 0.004099, 0.131004
0.180000, 0.001832, -0.459356, 0.180000, 0.005705, 0.138696
0.190000, 0.002475, -0.435355, 0.190000, 0.007760, 0.146523
0.200000, 0.003277, -0.411495, 0.200000, 0.010332, 0.154484
0.210000, 0.004259, -0.387773, 0.210000, 0.013483, 0.162578
0.220000, 0.005441, -0.364189, 0.220000, 0.017264, 0.170807
0.230000, 0.006839, -0.340740, 0.230000, 0.021716, 0.179169
0.240000, 0.008467, -0.317426, 0.240000, 0.026870, 0.187664
0.250000, 0.010334, -0.294245, 0.250000, 0.032755, 0.196292
0.260000, 0.012445, -0.271195, 0.260000, 0.039411, 0.205053
0.270000, 0.014803, -0.248275, 0.270000, 0.046907, 0.213946
0.280000, 0.017408, -0.225484, 0.280000, 0.055363, 0.222972
0.290000, 0.020258, -0.202819, 0.290000, 0.064971, 0.232129
0.300000, 0.023354, -0.180280, 0.300000, 0.076012, 0.241418
0.310000, 0.026702, -0.157866, 0.310000, 0.088838, 0.250839
0.320000, 0.030313, -0.135573, 0.320000, 0.103820, 0.260391
0.330000, 0.034206, -0.113402, 0.330000, 0.121227, 0.270074
0.340000, 0.038410, -0.091351, 0.340000, 0.141061, 0.279888
0.350000, 0.042959, -0.069418, 0.350000, 0.162897, 0.289832
0.360000, 0.047896, -0.047601, 0.360000, 0.185845, 0.299907
0.370000, 0.053259, -0.025901, 0.370000, 0.208708, 0.310112
0.380000, 0.059080, -0.004314, 0.380000, 0.230307, 0.320446
0.390000, 0.065372, 0.017160, 0.390000, 0.249792, 0.330910
0.400000, 0.072125, 0.038522, 0.400000, 0.266795, 0.341504
0.410000, 0.079294, 0.059775, 0.410000, 0.281392, 0.352227
0.420000, 0.086802, 0.080919, 0.420000, 0.293968, 0.363078
0.430000, 0.094540, 0.101956, 0.430000, 0.305091, 0.374058
0.440000, 0.102378, 0.122887, 0.440000, 0.315434, 0.385167
0.450000, 0.110181, 0.143713, 0.450000, 0.325762, 0.396404
0.460000, 0.117821, 0.164437, 0.460000, 0.336955, 0.407769
0.470000, 0.125198, 0.185058, 0.470000, 0.350004, 0.419262
0.480000, 0.132245, 0.205579, 0.480000, 0.365915, 0.430882
0.490000, 0.138943, 0.226001, 0.490000, 0.385444, 0.442630
0.500000, 0.145319, 0.246326, 0.500000, 0.408660, 0.454505
0.510000, 0.151447, 0.266553, 0.510000, 0.434566, 0.466506
0.520000, 0.157441, 0.286686, 0.520000, 0.461163, 0.478635
0.530000, 0.163450, 0.306724, 0.530000, 0.486144, 0.490890
0.540000, 0.169641, 0.326670, 0.540000, 0.507807, 0.503271
0.550000, 0.176187, 0.346524, 0.550000, 0.525567, 0.515778
0.560000, 0.183239, 0.366289, 0.560000, 0.539854, 0.528412
0.570000, 0.190911, 0.385964, 0.570000, 0.551683, 0.541171
0.580000, 0.199249, 0.405552, 0.580000, 0.562248, 0.554055
0.590000, 0.208221, 0.425054, 0.590000, 0.572674, 0.567064
0.600000, 0.217703, 0.444471, 0.600000, 0.583943, 0.580199
0.610000, 0.227498, 0.463804, 0.610000, 0.596910, 0.593458
0.620000, 0.237354, 0.483054, 0.620000, 0.612348, 0.606843
0.630000, 0.247005, 0.502223, 0.630000, 0.630941, 0.620351
0.640000, 0.256206, 0.521312, 0.640000, 0.653102, 0.633984
0.650000, 0.264773, 0.540321, 0.650000, 0.678526, 0.647741
0.660000, 0.272599, 0.559254, 0.660000, 0.705717, 0.661622
0.670000, 0.279675, 0.578109, 0.670000, 0.732083, 0.675626
0.680000, 0.286080, 0.596889, 0.680000, 0.754991, 0.689754
0.690000, 0.291978, 0.615596, 0.690000, 0.773043, 0.704005
0.700000, 0.297604, 0.634229, 0.700000, 0.786436, 0.718379
0.710000, 0.303245, 0.652790, 0.710000, 0.796428, 0.732876
0.720000, 0.309216, 0.671281, 0.720000, 0.804691, 0.747496
0.730000, 0.315835, 0.689702, 0.730000, 0.812973, 0.762239
0.740000, 0.323386, 0.708055, 0.740000, 0.823029, 0.777104
0.750000, 0.332076, 0.726341, 0.750000, 0.836601, 0.792091
0.760000, 0.342000, 0.744560, 0.760000, 0.855358, 0.807200
0.770000, 0.353099, 0.762715, 0.770000, 0.880632, 0.822430
0.780000, 0.365164, 0.780806, 0.780000, 0.912948, 0.837783
0.790000, 0.377842, 0.798834, 0.790000, 0.951194, 0.853257
0.800000, 0.390699, 0.816800, 0.800000, 0.991745, 0.868852
0.810000, 0.403274, 0.834706, 0.810000, 1.028702, 0.884568
0.820000, 0.415152, 0.852553, 0.820000, 1.056752, 0.900405
0.830000, 0.426021, 0.870341, 0.830000, 1.074818, 0.916363
0.840000, 0.435703, 0.888072, 0.840000, 1.085861, 0.932442
0.850000, 0.444168, 0.905747, 0.850000, 1.093487, 0.948641
0.860000, 0.451534, 0.923367, 0.860000, 1.099962, 0.964960
0.870000, 0.458049, 0.940932, 0.870000, 1.106537, 0.981400
0.880000, 0.464080, 0.958445, 0.880000, 1.114411, 0.997959
0.890000, 0.470079, 0.975906, 0.890000, 1.125372, 1.014638
0.900000, 0.476553, 0.993315, 0.900000, 1.142027, 1.031437
0.910000, 0.484018, 1.010675, 0.910000, 1.167710, 1.048355
0.920000, 0.492933, 1.027986, 0.920000, 1.206013, 1.065393
0.930000, 0.503636, 1.045249, 0.930000, 1.259451, 1.082549
0.940000, 0.516275, 1.062465, 0.940000, 1.326412, 1.099825
0.950000, 0.530769, 1.079636, 0.950000, 1.396390, 1.117219
0.960000, 0.546804, 1.096761, 0.960000, 1.449723, 1.134732
0.970000, 0.563891, 1.113843, 0.970000, 1.472820, 1.152364
0.980000, 0.581442, 1.130882, 0.980000, 1.474281, 1.170114
0.990000, 0.598879, 1.147878, 0.990000, 1.472201, 1.187982
1.000000, 0.615712, 1.164834, 1.000000, 1.474861, 1.205969
1.010000, 0.631607, 1.181750, 1.010000, 1.480476, 1.224073
1.020000, 0.646401, 1.198626, 1.020000, 1.484740, 1.242295
1.030000, 0.660113, 1.215465, 1.030000, 1.485548, 1.260635
1.040000, 0.672917, 1.232266, 1.040000, 1.484402, 1.279092
1.050000, 0.685135, 1.249032, 1.050000, 1.486112, 1.297667
1.060000, 0.697201, 1.265761, 1.060000, 1.498074, 1.316359
1.070000, 0.709641, 1.282457, 1.070000, 1.529534, 1.335167
1.080000, 0.723021, 1.299119, 1.080000, 1.590051, 1.354093
1.090000, 0.737888, 1.315748, 1.090000, 1.683405, 1.373136
1.100000, 0.754693, 1.332345, 1.100000, 1.790876, 1.392296
1.110000, 0.773704, 1.348912, 1.110000, 1.859194, 1.411571
1.120000, 0.794943, 1.365449, 1.120000, 1.854886, 1.430964
1.130000, 0.818174, 1.381957, 1.130000, 1.821853, 1.450473
1.140000, 0.842940, 1.398436, 1.140000, 1.810522, 1.470097
1.150000, 0.868676, 1.414888, 1.150000, 1.826992, 1.489838
1.160000, 0.894810, 1.431314, 1.160000, 1.854049, 1.509695
1.170000, 0.920879, 1.447714, 1.170000, 1.873397, 1.529668
1.180000, 0.946572, 1.464089, 1.180000, 1.875472, 1.549756
1.190000, 0.971765, 1.480440, 1.190000, 1.861875, 1.569960
1.200000, 0.996500, 1.496768, 1.200000, 1.842695, 1.590279
1.210000, 1.020970, 1.513074, 1.210000, 1.832309, 1.610714
1.220000, 1.045476, 1.529358, 1.220000, 1.846860, 1.631264
1.230000, 1.070394, 1.545622, 1.230000, 1.902654, 1.651929
1.240000, 1.096132, 1.561865, 1.240000, 2.005679, 1.672709
1.250000, 1.123057, 1.578090, 1.250000, 2.108601, 1.693603
1.260000, 1.151453, 1.594296, 1.260000, 2.088515, 1.714613
1.270000, 1.181415, 1.610484, 1.270000, 1.953713, 1.735737
1.280000, 1.212834, 1.626656, 1.280000, 1.863714, 1.756976
1.290000, 1.245377, 1.642812, 1.290000, 1.867358, 1.778329
1.300000, 1.278556, 1.658952, 1.300000, 1.930424, 1.799796
1.310000, 1.311841, 1.675078, 1.310000, 2.005700, 1.821378
1.320000, 1.344764, 1.691189, 1.320000, 2.051620, 1.843074
1.330000, 1.376994, 1.707288, 1.330000, 2.048203, 1.864884
1.340000, 1.408347, 1.723375, 1.340000, 2.005783, 1.886807
1.350000, 1.438759, 1.739450, 1.350000, 1.953107, 1.908845
1.360000, 1.468242, 1.755513, 1.360000, 1.920971, 1.930996
1.370000, 1.496854, 1.771567, 1.370000, 1.938458, 1.953261
1.380000, 1.524677, 1.787611, 1.380000, 2.037891, 1.975639
1.390000, 1.551804, 1.803646, 1.390000, 2.237684, 1.998131
1.400000, 1.578330, 1.819674, 1.400000, 2.395297, 2.020737
1.410000, 1.604326, 1.835693, 1.410000, 2.191302, 2.043455
1.420000, 1.629827, 1.851706, 1.420000, 1.893440, 2.066287
1.430000, 1.654816, 1.867713, 1.430000, 1.799108, 2.089231
1.440000, 1.679231, 1.883714, 1.440000, 1.868105, 2.112289
1.450000, 1.703017, 1.899710, 1.450000, 2.026257, 2.135460
1.460000, 1.726176, 1.915702, 1.460000, 2.196601, 2.158743
1.470000, 1.748837, 1.931691, 1.470000, 2.286419, 2.182140
1.480000, 1.771255, 1.947677, 1.480000, 2.248641, 2.205648
1.490000, 1.793799, 1.963660, 1.490000, 2.129442, 2.229270
1.500000, 1.816846, 1.979641, 1.500000, 2.006405, 2.253004
1.510000, 1.840704, 1.995622, 1.510000, 1.931479, 2.276850
1.520000, 1.865544, 2.011602, 1.520000, 1.940853, 2.300809
1.530000, 1.891378, 2.027582, 1.530000, 2.089999, 2.324880
1.540000, 1.918055, 2.043563, 1.540000, 2.443135, 2.349064
1.550000, 1.945269, 2.059545, 1.550000, 2.619555, 2.373359
1.560000, 1.972543, 2.075528, 1.560000, 2.181199, 2.397767
1.570000, 1.999218, 2.091515, 1.570000, 1.913482, 2.422286
1.580000, 2.024400, 2.107504, 1.580000, 1.907301, 2.446918
1.590000, 2.046968, 2.123496, 1.590000, 2.061647, 2.471661
1.600000, 2.065636, 2.139493, 1.600000, 2.336896, 2.496517
1.610000, 2.079205, 2.155494, 1.610000, 2.659279, 2.521484
1.620000, 2.086958, 2.171500, 1.620000, 2.836677, 2.546562
1.630000, 2.089135, 2.187512, 1.630000, 2.754367, 2.571753
1.640000, 2.087195, 2.203530, 1.640000, 2.554003, 2.597054
1.650000, 2.083564, 2.219555, 1.650000, 2.383842, 2.622468
1.660000, 2.081048, 2.235587, 1.660000, 2.294775, 2.647993
1.670000, 2.082161, 2.251626, 1.670000, 2.319819, 2.673629
1.680000, 2.088731, 2.267673, 1.680000, 2.563135, 2.699377
1.690000, 2.101838, 2.283729, 1.690000, 3.105707, 2.725236
1.700000, 2.121936, 2.299795, 1.700000, 2.753809, 2.751206
1.710000, 2.149031, 2.315869, 1.710000, 2.218559, 2.777288
1.720000, 2.182780, 2.331954, 1.720000, 2.087970, 2.803480
1.730000, 2.222521, 2.348049, 1.730000, 2.142539, 2.829784
1.740000, 2.267195, 2.364155, 1.740000, 2.332022, 2.856199
1.750000, 2.315179, 2.380272, 1.750000, 2.683920, 2.882725
1.760000, 2.364034, 2.396401, 1.760000, 3.148452, 2.909362
1.770000, 2.410353, 2.412543, 1.770000, 3.336523, 2.936110
1.780000, 2.449928, 2.428696, 1.780000, 3.115014, 2.962968
1.790000, 2.478591, 2.444863, 1.790000, 2.853640, 2.989938
1.800000, 2.493659, 2.461043, 1.800000, 2.696190, 3.017019
1.810000, 2.495317, 2.477237, 1.810000, 2.647124, 3.044210
1.820000, 2.486898, 2.493445, 1.820000, 2.758670, 3.071512
1.830000, 2.473750, 2.509668, 1.830000, 3.319459, 3.098925
1.840000, 2.461489, 2.525906, 1.840000, 3.545206, 3.126449
1.850000, 2.454782, 2.542159, 1.850000, 2.589907, 3.154083
1.860000, 2.456985, 2.558427, 1.860000, 2.328748, 3.181828
1.870000, 2.470299, 2.574712, 1.870000, 2.292384, 3.209684
1.880000, 2.496031, 2.591013, 1.880000, 2.369489, 3.237650
1.890000, 2.534812, 2.607330, 1.890000, 2.589674, 3.265727
1.900000, 2.586580, 2.623665, 1.900000, 3.072398, 3.293914
1.910000, 2.650444, 2.640017, 1.910000, 3.711060, 3.322212
1.920000, 2.724352, 2.656386, 1.920000, 3.578575, 3.350620
1.930000, 2.804539, 2.672774, 1.930000, 3.104978, 3.379139
1.940000, 2.885040, 2.689180, 1.940000, 2.840921, 3.407769
1.950000, 2.957767, 2.705604, 1.950000, 2.737463, 3.436509
1.960000, 3.014018, 2.722048, 1.960000, 2.763777, 3.465359
1.970000, 3.047599, 2.738510, 1.970000, 3.105618, 3.494320
1.980000, 3.057894, 2.754992, 1.980000, 4.171474, 3.523392
1.990000, 3.050224, 2.771494, 1.990000, 2.885445, 3.552573
2.000000, 3.033041, 2.788015, 2.000000, 2.578082, 3.581866
2.010000, 3.014483, 2.804557, 2.010000, 2.540978, 3.611268
2.020000, 3.000665, 2.821119, 2.020000, 2.586179, 3.640782
2.030000, 2.995809, 2.837702, 2.030000, 2.707022, 3.670405
2.040000, 3.003005, 2.854306, 2.040000, 2.991820, 3.700139
2.050000, 3.024723, 2.870930, 2.050000, 3.739511, 3.729983
2.060000, 3.062978, 2.887577, 2.060000, 4.373889, 3.759938
2.070000, 3.119099, 2.904245, 2.070000, 3.707378, 3.790003
2.080000, 3.193287, 2.920934, 2.080000, 3.313631, 3.820179
2.090000, 3.283858, 2.937646, 2.090000, 3.173059, 3.850465
2.100000, 3.386062, 2.954379, 2.100000, 3.153372, 3.880862
2.110000, 3.490772, 2.971135, 2.110000, 3.310232, 3.911369
2.120000, 3.584150, 2.987914, 2.120000, 4.628167, 3.941986
2.130000, 3.650527, 3.004715, 2.130000, 3.493489, 3.972714
2.140000, 3.679152, 3.021540, 2.140000, 3.153360, 4.003552
2.150000, 3.670541, 3.038387, 2.150000, 3.127710, 4.034501
2.160000, 3.635838, 3.055257, 2.160000, 3.170886, 4.065561
2.170000, 3.589521, 3.072151, 2.170000, 3.258385, 4.096731
2.180000, 3.542961, 3.089068, 2.180000, 3.416905, 4.128011
2.190000, 3.503035, 3.106008, 2.190000, 3.833566, 4.159402
2.200000, 3.474039, 3.122973, 2.200000, 5.094480, 4.190904
2.210000, 3.459609, 3.139961, 2.210000, 4.599794, 4.222516
2.220000, 3.463513, 3.156973, 2.220000, 4.067194, 4.254239
2.230000, 3.489497, 3.174009, 2.230000, 3.938364, 4.286072
2.240000, 3.540673, 3.191069, 2.240000, 3.933012, 4.318016
2.250000, 3.618702, 3.208153, 2.250000, 4.030685, 4.350071
2.260000, 3.722585, 3.225261, 2.260000, 5.015673, 4.382237
2.270000, 3.846685, 3.242394, 2.270000, 4.346821, 4.414513
2.280000, 3.978114, 3.259551, 2.280000, 4.034336, 4.446900
2.290000, 4.095526, 3.276733, 2.290000, 4.027553, 4.479398
2.300000, 4.173949, 3.293939, 2.300000, 4.067130, 4.512007
2.310000, 4.197638, 3.311170, 2.310000, 4.126871, 4.544727
2.320000, 4.170763, 3.328425, 2.320000, 4.206134, 4.577557
2.330000, 4.112616, 3.345705, 2.330000, 4.373661, 4.610499
2.340000, 4.042747, 3.363009, 2.340000, 5.293386, 4.643552
2.350000, 3.972656, 3.380338, 2.350000, 5.553297, 4.676715
2.360000, 3.907660, 3.397692, 2.360000, 4.703928, 4.709990
2.370000, 3.851758, 3.415070, 2.370000, 4.554936, 4.743376
2.380000, 3.810342, 3.432473, 2.380000, 4.552747, 4.776873
2.390000, 3.790279, 3.449901, 2.390000, 4.623995, 4.810482
2.400000, 3.798724, 3.467353, 2.400000, 5.227210, 4.844201
2.410000, 3.841846, 3.484829, 2.410000, 4.914913, 4.878032
2.420000, 3.923502, 3.502331, 2.420000, 4.715188, 4.911975
2.430000, 4.043388, 3.519856, 2.430000, 4.743922, 4.946029
2.440000, 4.193560, 3.537407, 2.440000, 4.810039, 4.980194
2.450000, 4.353471, 3.554981, 2.450000, 4.900040, 5.014471
2.460000, 4.487834, 3.572580, 2.460000, 5.003625, 5.048859
2.470000, 4.558121, 3.590203, 2.470000, 5.118564, 5.083360
2.480000, 4.549218, 3.607851, 2.480000, 5.505085, 5.117971
2.490000, 4.482946, 3.625522, 2.490000, 6.472196, 5.152695
2.500000, 4.395610, 3.643218, 2.500000, 5.285766, 5.187531
2.510000, 4.309524, 3.660937, 2.510000, 5.111080, 5.222478
2.520000, 4.229133, 3.678680, 2.520000, 5.081520, 5.257537
2.530000, 4.152748, 3.696447, 2.530000, 5.114899, 5.292709
2.540000, 4.082177, 3.714237, 2.540000, 5.520203, 5.327992
2.550000, 4.025023, 3.732051, 2.550000, 5.299580, 5.363388
2.560000, 3.992384, 3.749888, 2.560000, 5.188766, 5.398896
2.570000, 3.995884, 3.767748, 2.570000, 5.222830, 5.434516
2.580000, 4.045704, 3.785632, 2.580000, 5.290696, 5.470249
2.590000, 4.149315, 3.803538, 2.590000, 5.392032, 5.506094
2.600000, 4.308988, 3.821467, 2.600000, 5.525040, 5.542052
2.610000, 4.515671, 3.839418, 2.610000, 5.671347, 5.578122
2.620000, 4.738221, 3.857392, 2.620000, 5.892007, 5.614305
2.630000, 4.917287, 3.875388, 2.630000, 7.449451, 5.650601
2.640000, 4.990059, 3.893406, 2.640000, 5.764195, 5.687010
2.650000, 4.946480, 3.911445, 2.650000, 5.559582, 5.723531
2.660000, 4.840537, 3.929506, 2.660000, 5.508523, 5.760166
2.670000, 4.729239, 3.947589, 2.670000, 5.525781, 5.796914
2.680000, 4.630086, 3.965693, 2.680000, 5.856311, 5.833775
2.690000, 4.533520, 3.983817, 2.690000, 5.705696, 5.870749
2.700000, 4.429723, 4.001963, 2.700000, 5.650033, 5.907837
2.710000, 4.322086, 4.020129, 2.710000, 5.680547, 5.945038
2.720000, 4.225682, 4.038315, 2.720000, 5.739303, 5.982353
2.730000, 4.159723, 4.056521, 2.730000, 5.836392, 6.019781
2.740000, 4.142036, 4.074746, 2.740000, 5.987675, 6.057323
2.750000, 4.187367, 4.092992, 2.750000, 6.197590, 6.094979
2.760000, 4.307599, 4.111256, 2.760000, 6.459644, 6.132749
2.770000, 4.509764, 4.129539, 2.770000, 8.542284, 6.170633
2.780000, 4.786641, 4.147841, 2.780000, 6.514426, 6.208631
2.790000, 5.095615, 4.166161, 2.790000, 6.231194, 6.246744
2.800000, 5.343071, 4.184499, 2.800000, 6.102945, 6.284971
2.810000, 5.434827, 4.202854, 2.810000, 6.084653, 6.323312
2.820000, 5.381500, 4.221227, 2.820000, 6.484502, 6.361768
2.830000, 5.282751, 4.239617, 2.830000, 6.198363, 6.400338
2.840000, 5.205451, 4.258024, 2.840000, 6.190075, 6.439024
2.850000, 5.145846, 4.276447, 2.850000, 6.205839, 6.477824
2.860000, 5.071337, 4.294886, 2.860000, 6.235117, 6.516739
2.870000, 4.962960, 4.313341, 2.870000, 6.296866, 6.555770
2.880000, 4.829884, 4.331811, 2.880000, 6.418304, 6.594915
2.890000, 4.699501, 4.350296, 2.890000, 6.633229, 6.634176
2.900000, 4.601524, 4.368796, 2.900000, 6.983636, 6.673553
2.910000, 4.559818, 4.387310, 2.910000, 8.895222, 6.713045
2.920000, 4.592720, 4.405837, 2.920000, 7.452094, 6.752653
2.930000, 4.715787, 4.424378, 2.930000, 7.219194, 6.792377
2.940000, 4.940449, 4.442932, 2.940000, 7.003599, 6.832216
2.950000, 5.259029, 4.461499, 2.950000, 6.933216, 6.872172
2.960000, 5.606709, 4.480078, 2.960000, 9.027355, 6.912244
2.970000, 5.839603, 4.498669, 2.970000, 7.002160, 6.952432
2.980000, 5.853886, 4.517270, 2.980000, 7.013397, 6.992737
2.990000, 5.738648, 4.535883, 2.990000, 7.003523, 7.033159
3.000000, 5.645445, 4.554507, 3.000000, 6.982492, 7.073697
3.010000, 5.617062, 4.573140, 3.010000, 6.975468, 7.114352
3.020000, 5.606175, 4.591783, 3.020000, 7.012969, 7.155124
3.030000, 5.552292, 4.610434, 3.030000, 7.135170, 7.196013
3.040000, 5.433809, 4.629095, 3.040000, 7.417413, 7.237020
3.050000, 5.275923, 4.647764, 3.050000, 8.380390, 7.278144
3.060000, 5.123502, 4.666440, 3.060000, 8.139752, 7.319385
3.070000, 5.014926, 4.685123, 3.070000, 8.051271, 7.360744
3.080000, 4.975771, 4.703813, 3.080000, 7.678187, 7.402221
3.090000, 5.024740, 4.722510, 3.090000, 7.463346, 7.443816
3.100000, 5.179809, 4.741211, 3.100000, 7.564923, 7.485530
3.110000, 5.455113, 4.759918, 3.110000, 7.478441, 7.527361
3.120000, 5.831223, 4.778630, 3.120000, 7.502128, 7.569311
3.130000, 6.183063, 4.797346, 3.130000, 7.467708, 7.611380
3.140000, 6.285119, 4.816065, 3.140000, 7.392559, 7.653567
3.150000, 6.108009, 4.834787, 3.150000, 7.315651, 7.695873
3.160000, 5.904532, 4.853511, 3.160000, 7.274415, 7.738298
3.170000, 5.835758, 4.872237, 3.170000, 7.306527, 7.780843
3.180000, 5.867855, 4.890965, 3.180000, 7.482333, 7.823506
3.190000, 5.887888, 4.909693, 3.190000, 7.943529, 7.866290
3.200000, 5.804842, 4.928422, 3.200000, 8.355740, 7.909193
3.210000, 5.612561, 4.947149, 3.210000, 8.660511, 7.952215
3.220000, 5.375936, 4.965876, 3.220000, 8.193501, 7.995358
3.230000, 5.167070, 4.984601, 3.230000, 7.723183, 8.038621
3.240000, 5.030156, 5.003324, 3.240000, 7.625288, 8.082005
3.250000, 4.987370, 5.022044, 3.250000, 7.728077, 8.125508
3.260000, 5.055931, 5.040760, 3.260000, 7.850237, 8.169133
3.270000, 5.259171, 5.059472, 3.270000, 7.844563, 8.212878
3.280000, 5.620047, 5.078180, 3.280000, 7.708928, 8.256744
3.290000, 6.100191, 5.096882, 3.290000, 7.529095, 8.300732
3.300000, 6.458191, 5.115577, 3.300000, 7.382398, 8.344841
3.310000, 6.378307, 5.134266, 3.310000, 7.310843, 8.389071
3.320000, 6.047298, 5.152948, 3.320000, 7.363419, 8.433423
3.330000, 5.860491, 5.171621, 3.330000, 7.581355, 8.477897
3.340000, 5.900219, 5.190286, 3.340000, 8.036317, 8.522494
3.350000, 6.044888, 5.208941, 3.350000, 8.822566, 8.567212
3.360000, 6.116359, 5.227586, 3.360000, 8.892911, 8.612053
3.370000, 5.998683, 5.246219, 3.370000, 8.157663, 8.657016
3.380000, 5.728489, 5.264842, 3.380000, 7.830271, 8.702102
3.390000, 5.429552, 5.283452, 3.390000, 7.982561, 8.747311
3.400000, 5.195641, 5.302049, 3.400000, 8.349535, 8.792644
3.410000, 5.065132, 5.320632, 3.410000, 8.646304, 8.838099
3.420000, 5.051322, 5.339200, 3.420000, 8.662570, 8.883679
3.430000, 5.170795, 5.357754, 3.430000, 8.458234, 8.929382
3.440000, 5.457622, 5.376291, 3.440000, 8.220796, 8.975208
3.450000, 5.947750, 5.394812, 3.450000, 8.058519, 9.021160
3.460000, 6.545573, 5.413315, 3.460000, 8.034068, 9.067235
3.470000, 6.785852, 5.431799, 3.470000, 8.091549, 9.113435
3.480000, 6.421227, 5.450265, 3.480000, 8.361079, 9.159760
3.490000, 6.031657, 5.468710, 3.490000, 9.050760, 9.206209
3.500000, 5.968617, 5.487135, 3.500000, 9.942570, 9.252784
3.510000, 6.176630, 5.505539, 3.510000, 9.396523, 9.299484
3.520000, 6.460973, 5.523920, 3.520000, 8.609109, 9.346309
3.530000, 6.571452, 5.542278, 3.530000, 8.567175, 9.393261
3.540000, 6.386937, 5.560612, 3.540000, 8.921379, 9.440338
3.550000, 6.035807, 5.578921, 3.550000, 9.470293, 9.487542
3.560000, 5.706789, 5.597205, 3.560000, 9.829083, 9.534871
3.570000, 5.490972, 5.615462, 3.570000, 9.700583, 9.582328
3.580000, 5.406296, 5.633692, 3.580000, 9.325623, 9.629911
3.590000, 5.456525, 5.651893, 3.590000, 9.014776, 9.677621
3.600000, 5.665332, 5.670066, 3.600000, 11.177357, 9.725459
3.610000, 6.092246, 5.688209, 3.610000, 8.850761, 9.773424
3.620000, 6.789041, 5.706321, 3.620000, 8.996517, 9.821516
3.630000, 7.466443, 5.724401, 3.630000, 9.452406, 9.869736
3.640000, 7.306943, 5.742449, 3.640000, 10.598580, 9.918085
3.650000, 6.629895, 5.760463, 3.650000, 10.880132, 9.966562
3.660000, 6.290092, 5.778443, 3.660000, 9.554305, 10.015167
3.670000, 6.381186, 5.796387, 3.670000, 9.170005, 10.063901
3.680000, 6.751692, 5.814296, 3.680000, 9.306217, 10.112765
3.690000, 7.137557, 5.832167, 3.690000, 9.799227, 10.161757
3.700000, 7.190123, 5.850000, 3.700000, 10.523439, 10.210879
3.710000, 6.846013, 5.867794, 3.710000, 10.844904, 10.260131
3.720000, 6.387639, 5.885548, 3.720000, 10.397184, 10.309512
3.730000, 6.035266, 5.903261, 3.730000, 9.814142, 10.359024
3.740000, 5.840560, 5.920933, 3.740000, 9.460975, 10.408666
3.750000, 5.793344, 5.938561, 3.750000, 9.289957, 10.458438
3.760000, 5.892223, 5.956146, 3.760000, 9.288274, 10.508342
3.770000, 6.177105, 5.973685, 3.770000, 9.482990, 10.558377
3.780000, 6.749846, 5.991179, 3.780000, 10.190947, 10.608543
3.790000, 7.648596, 6.008626, 3.790000, 11.780270, 10.658840
3.800000, 8.102847, 6.026026, 3.800000, 10.412413, 10.709270
3.810000, 7.383777, 6.043376, 3.810000, 9.625038, 10.759831
3.820000, 6.723704, 6.060676, 3.820000, 9.577461, 10.810525
3.830000, 6.586391, 6.077926, 3.830000, 9.858367, 10.861352
3.840000, 6.853925, 6.095124, 3.840000, 10.504468, 10.912311
3.850000, 7.367738, 6.112268, 3.850000, 11.426908, 10.963403
3.860000, 7.761498, 6.129359, 3.860000, 11.491005, 11.014629
3.870000, 7.603322, 6.146395, 3.870000, 10.672435, 11.065988
3.880000, 7.054109, 6.163374, 3.880000, 10.089616, 11.117481
3.890000, 6.543267, 6.180296, 3.890000, 9.821969, 11.169108
3.900000, 6.225539, 6.197160, 3.900000, 9.769386, 11.220870
3.910000, 6.088386, 6.213965, 3.910000, 9.873672, 11.272766
3.920000, 6.104111, 6.230709, 3.920000, 10.247518, 11.324797
3.930000, 6.281412, 6.247392, 3.930000, 11.702517, 11.376963
3.940000, 6.697754, 6.264012, 3.940000, 11.919949, 11.429265
3.950000, 7.518970, 6.280568, 3.950000, 10.459606, 11.481702
3.960000, 8.519794, 6.297059, 3.960000, 10.283793, 11.534275
3.970000, 8.117873, 6.313484, 3.970000, 10.443378, 11.586985
3.980000, 7.118140, 6.329842, 3.980000, 10.856346, 11.639830
3.990000, 6.736190, 6.346132, 3.990000, 11.732151, 11.692813
4.000000, 6.844076, 6.362352, 4.000000, 12.871048, 11.745932
4.010000, 7.318650, 6.378502, 4.010000, 12.326240, 11.799189
4.020000, 7.983530, 6.394580, 4.020000, 11.189394, 11.852584
4.030000, 8.239086, 6.410585, 4.030000, 10.681917, 11.906116
4.040000, 7.723668, 6.426516, 4.040000, 10.524023, 11.959786
4.050000, 7.025186, 6.442371, 4.050000, 10.563412, 12.013595
4.060000, 6.552999, 6.458150, 4.060000, 10.777732, 12.067542
4.070000, 6.319179, 6.473852, 4.070000, 11.522405, 12.121629
4.080000, 6.264086, 6.489474, 4.080000, 13.987209, 12.175854
4.090000, 6.364347, 6.505017, 4.090000, 11.675874, 12.230219
4.100000, 6.662504, 6.520478, 4.100000, 11.357037, 12.284724
4.110000, 7.327579, 6.535857, 4.110000, 11.482598, 12.339369
4.120000, 8.611012, 6.551152, 4.120000, 11.797782, 12.394154
4.130000, 9.131328, 6.566361, 4.130000, 12.376835, 12.449080
4.140000, 7.786421, 6.581485, 4.140000, 13.649164, 12.504147
4.150000, 7.037662, 6.596521, 4.150000, 14.582451, 12.559355
4.160000, 6.936886, 6.611469, 4.160000, 13.073984, 12.614705
4.170000, 7.261675, 6.626326, 4.170000, 12.171596, 12.670197
4.180000, 7.989199, 6.641092, 4.180000, 11.795008, 12.725830
4.190000, 8.779837, 6.655765, 4.190000, 11.683601, 12.781606
4.200000, 8.611390, 6.670345, 4.200000, 11.734224, 12.837525
4.210000, 7.686348, 6.684829, 4.210000, 12.032473, 12.893587
4.220000, 6.953839, 6.699217, 4.220000, 14.103585, 12.949792
4.230000, 6.564201, 6.713507, 4.230000, 12.694629, 13.006141
4.240000, 6.411055, 6.727698, 4.240000, 12.216477, 13.062634
4.250000, 6.425383, 6.741789, 4.250000, 12.315819, 13.119271
4.260000, 6.605027, 6.755778, 4.260000, 12.579618, 13.176053
4.270000, 7.053482, 6.769663, 4.270000, 13.015533, 13.232979
4.280000, 8.123579, 6.783445, 4.280000, 13.811352, 13.290051
4.290000, 9.720376, 6.797120, 4.290000, 15.709108, 13.347268
4.300000, 8.724759, 6.810689, 4.300000, 14.864944, 13.404631
4.310000, 7.595322, 6.824149, 4.310000, 13.479546, 13.462140
4.320000, 7.300532, 6.837499, 4.320000, 12.954754, 13.519796
4.330000, 7.443407, 6.850737, 4.330000, 12.759611, 13.577598
4.340000, 7.999084, 6.863863, 4.340000, 12.738108, 13.635547
4.350000, 9.040646, 6.876875, 4.350000, 12.877716, 13.693644
4.360000, 9.727160, 6.889772, 4.360000, 13.777511, 13.751889
4.370000, 8.904785, 6.902552, 4.370000, 13.942415, 13.810281
4.380000, 7.873743, 6.915213, 4.380000, 13.068225, 13.868822
4.390000, 7.285396, 6.927755, 4.390000, 13.123251, 13.927512
4.400000, 7.011781, 6.940176, 4.400000, 13.321378, 13.986350
4.410000, 6.930803, 6.952474, 4.410000, 13.652658, 14.045338
4.420000, 7.002031, 6.964648, 4.420000, 14.208151, 14.104476
4.430000, 7.267775, 6.976697, 4.430000, 15.471123, 14.163763
4.440000, 7.964448, 6.988618, 4.440000, 17.104519, 14.223201
4.450000, 9.711102, 7.000412, 4.450000, 14.576135, 14.282790
4.460000, 9.868063, 7.012075, 4.460000, 13.707216, 14.342530
4.470000, 8.373959, 7.023607, 4.470000, 13.298724, 14.402421
4.480000, 7.940018, 7.035007, 4.480000, 13.119703, 14.462463
4.490000, 7.976822, 7.046272, 4.490000, 13.105147, 14.522658
4.500000, 8.336690, 7.057401, 4.500000, 13.430687, 14.583005
4.510000, 9.189745, 7.068393, 4.510000, 15.340265, 14.643505
4.520000, 10.497183, 7.079246, 4.520000, 13.361527, 14.704158
4.530000, 10.389898, 7.089959, 4.530000, 13.412334, 14.764964
4.540000, 9.146464, 7.100530, 4.540000, 13.620842, 14.825924
4.550000, 8.382749, 7.110958, 4.550000, 13.947548, 14.887038
4.560000, 8.032673, 7.121240, 4.560000, 14.456823, 14.948307
4.570000, 7.899400, 7.131376, 4.570000, 15.287016, 15.009730
4.580000, 7.906432, 7.141365, 4.580000, 18.177204, 15.071308
4.590000, 8.059818, 7.151203, 4.590000, 16.284576, 15.133042
4.600000, 8.497278, 7.160890, 4.600000, 14.947821, 15.194932
4.610000, 9.829369, 7.170425, 4.610000, 14.339247, 15.256978
4.620000, 11.338523, 7.179805, 4.620000, 14.013563, 15.319181
4.630000, 9.380209, 7.189029, 4.630000, 13.850799, 15.381541
4.640000, 8.714608, 7.198096, 4.640000, 13.858273, 15.444058
4.650000, 8.647995, 7.207004, 4.650000, 17.295860, 15.506732
4.660000, 8.852102, 7.215750, 4.660000, 13.791264, 15.569565
4.670000, 9.425329, 7.224335, 4.670000, 13.734785, 15.632556
4.680000, 10.737541, 7.232755, 4.680000, 13.839851, 15.695705
4.690000, 11.744906, 7.241010, 4.690000, 14.068460, 15.759014
4.700000, 10.356870, 7.249098, 4.700000, 14.465126, 15.822483
4.710000, 9.264048, 7.257017, 4.710000, 15.138598, 15.886111
4.720000, 8.789867, 7.264765, 4.720000, 16.664837, 15.949899
4.730000, 8.594276, 7.272340, 4.730000, 18.061426, 16.013848
4.740000, 8.542742, 7.279742, 4.740000, 16.341349, 16.077958
4.750000, 8.608709, 7.286969, 4.750000, 15.702102, 16.142230
4.760000, 8.861243, 7.294018, 4.760000, 15.376993, 16.206663
4.770000, 9.699173, 7.300888, 4.770000, 15.256586, 16.271258
4.780000, 12.105791, 7.307578, 4.780000, 15.241640, 16.336016
4.790000, 10.253918, 7.314085, 4.790000, 16.969196, 16.400936
4.800000, 9.249413, 7.320408, 4.800000, 15.134966, 16.466020
4.810000, 9.080931, 7.326545, 4.810000, 15.019395, 16.531268
4.820000, 9.161268, 7.332495, 4.820000, 15.031237, 16.596679
4.830000, 9.483751, 7.338256, 4.830000, 15.134897, 16.662255
4.840000, 10.395982, 7.343825, 4.840000, 15.358912, 16.727996
4.850000, 12.247797, 7.349202, 4.850000, 15.792568, 16.793902
4.860000, 11.535491, 7.354385, 4.860000, 16.687492, 16.859974
4.870000, 9.989538, 7.359371, 4.870000, 20.767422, 16.926211
4.880000, 9.350715, 7.364159, 4.880000, 17.789917, 16.992615
4.890000, 9.092126, 7.368748, 4.890000, 17.080704, 17.059186
4.900000, 8.994335, 7.373135, 4.900000, 16.568111, 17.125924
4.910000, 8.999429, 7.377318, 4.910000, 16.374977, 17.192829
4.920000, 9.131708, 7.381297, 4.920000, 16.314703, 17.259902
4.930000, 9.608519, 7.385068, 4.930000, 16.773632, 17.327144
4.940000, 11.739355, 7.388631, 4.940000, 16.089964, 17.394555
4.950000, 11.153620, 7.391983, 4.950000, 15.851549, 17.462135
4.960000, 9.703863, 7.395123, 4.960000, 15.762249, 17.529884
4.970000, 9.468278, 7.398048, 4.970000, 15.782340, 17.597803
4.980000, 9.486092, 7.400758, 4.980000, 15.926258, 17.665893
4.990000, 9.658660, 7.403249, 4.990000, 16.237974, 17.734154
5.000000, 10.185219, 7.405521, 5.000000, 16.861618, 17.802585
5.010000, 11.850116, 7.407572, 5.010000, 20.004740, 17.871189
5.020000, 12.787120, 7.409398, 5.020000, 18.949364, 17.939964
5.030000, 10.773087, 7.411000, 5.030000, 18.496094, 18.008912
5.040000, 9.953636, 7.412374, 5.040000, 17.639969, 18.078033
5.050000, 9.681190, 7.413519, 5.050000, 17.262306, 18.147327
5.060000, 9.602700, 7.414433, 5.060000, 17.198875, 18.216795
5.070000, 9.624453, 7.415114, 5.070000, 17.303141, 18.286437
5.080000, 9.741045, 7.415560, 5.080000, 16.854246, 18.356253
5.090000, 10.066314, 7.415770, 5.090000, 16.388342, 18.426245
5.100000, 11.524023, 7.415741, 5.100000, 16.019907, 18.496412
5.110000, 12.905886, 7.415471, 5.110000, 15.804518, 18.566754
5.120000, 10.710500, 7.414959, 5.120000, 15.767841, 18.637273
5.130000, 10.410739, 7.414203, 5.130000, 15.921656, 18.707969
5.140000, 10.405045, 7.413200, 5.140000, 16.315756, 18.778842
5.150000, 10.494183, 7.411948, 5.150000, 17.533358, 18.849892
5.160000, 10.758160, 7.410446, 5.160000, 18.653299, 18.921121
5.170000, 11.762840, 7.408692, 5.170000, 19.281462, 18.992527
5.180000, 14.197525, 7.406684, 5.180000, 18.466068, 19.064113
5.190000, 12.109756, 7.404419, 5.190000, 17.834101, 19.135878
5.200000, 10.933310, 7.401896, 5.200000, 17.872179, 19.207823
5.210000, 10.580410, 7.399113, 5.210000, 18.192612, 19.279948
5.220000, 10.477741, 7.396068, 5.220000, 18.213198, 19.352253
5.230000, 10.487902, 7.392758, 5.230000, 17.819218, 19.424740
5.240000, 10.582131, 7.389182, 5.240000, 17.313595, 19.497408
5.250000, 10.808184, 7.385338, 5.250000, 16.891235, 19.570258
5.260000, 11.638702, 7.381223, 5.260000, 16.661572, 19.643290
5.270000, 14.715022, 7.376836, 5.270000, 16.638996, 19.716506
5.280000, 11.862425, 7.372174, 5.280000, 16.824863, 19.789904
5.290000, 11.545655, 7.367236, 5.290000, 17.368334, 19.863487
5.300000, 11.576780, 7.362020, 5.300000, 18.682543, 19.937253
5.310000, 11.665795, 7.356522, 5.310000, 19.980743, 20.011204
5.320000, 11.811425, 7.350742, 5.320000, 20.126942, 20.085341
5.330000, 12.297388, 7.344678, 5.330000, 19.026566, 20.159663
5.340000, 14.613106, 7.338326, 5.340000, 18.838686, 20.234171
5.350000, 13.734159, 7.331685, 5.350000, 19.287626, 20.308865
5.360000, 12.088677, 7.324753, 5.360000, 19.823473, 20.383747
5.370000, 11.641135, 7.317528, 5.370000, 19.797649, 20.458815
5.380000, 11.495211, 7.310008, 5.380000, 19.284740, 20.534072
5.390000, 11.472075, 7.302190, 5.390000, 18.653305, 20.609517
5.400000, 11.531968, 7.294073, 5.400000, 18.201458, 20.685151
5.410000, 11.694178, 7.285654, 5.410000, 18.007128, 20.760974
5.420000, 12.195482, 7.276931, 5.420000, 18.052050, 20.836987
5.430000, 15.639478, 7.267902, 5.430000, 18.345438, 20.913190
5.440000, 12.732048, 7.258564, 5.440000, 19.384785, 20.989584
5.450000, 12.437748, 7.248917, 5.450000, 20.386971, 21.066169
5.460000, 12.535116, 7.238957, 5.460000, 22.006207, 21.142946
5.470000, 12.675350, 7.228682, 5.470000, 20.787365, 21.219914
5.480000, 12.814213, 7.218090, 5.480000, 20.072937, 21.297076
5.490000, 13.076819, 7.207179, 5.490000, 20.376646, 21.374430
5.500000, 14.485515, 7.195947, 5.500000, 21.179005, 21.451978
5.510000, 15.356977, 7.184391, 5.510000, 21.780952, 21.529720
5.520000, 12.979826, 7.172510, 5.520000, 21.509840, 21.607657
5.530000, 12.420242, 7.160301, 5.530000, 20.587971, 21.685789
5.540000, 12.223973, 7.147761, 5.540000, 19.718838, 21.764116
5.550000, 12.163128, 7.134889, 5.550000, 19.176895, 21.842639
5.560000, 12.192418, 7.121682, 5.560000, 18.964973, 21.921358
5.570000, 12.316233, 7.108139, 5.570000, 19.033487, 22.000275
5.580000, 12.661173, 7.094256, 5.580000, 19.796984, 22.079389
5.590000, 15.501449, 7.080032, 5.590000, 20.274006, 22.158701
5.600000, 13.547321, 7.065464, 5.600000, 22.209490, 22.238211
5.610000, 13.197985, 7.050550, 5.610000, 22.322969, 22.317921
5.620000, 13.355328, 7.035287, 5.620000, 20.784679, 22.397829
5.630000, 13.563365, 7.019674, 5.630000, 20.732019, 22.477938
5.640000, 13.743717, 7.003709, 5.640000, 21.462248, 22.558247
5.650000, 13.925251, 6.987388, 5.650000, 22.565460, 22.638757
5.660000, 14.651597, 6.970709, 5.660000, 23.254089, 22.719469
5.670000, 17.382708, 6.953671, 5.670000, 22.531942, 22.800383
5.680000, 13.922828, 6.936270, 5.680000, 21.269644, 22.881499
5.690000, 13.132216, 6.918505, 5.690000, 20.308037, 22.962817
5.700000, 12.809893, 6.900373, 5.700000, 19.763958, 23.044340
5.710000, 12.641781, 6.881872, 5.710000, 19.567167, 23.126066
5.720000, 12.577880, 6.862999, 5.720000, 20.098804, 23.207997
5.730000, 12.614776, 6.843752, 5.730000, 20.232498, 23.290133
5.740000, 12.813862, 6.824130, 5.740000, 21.511423, 23.372475
5.750000, 14.456923, 6.804128, 5.750000, 23.928734, 23.455022
5.760000, 14.052103, 6.783745, 5.760000, 21.818548, 23.537776
5.770000, 13.615719, 6.762979, 5.770000, 21.243864, 23.620737
5.780000, 13.854712, 6.741827, 5.780000, 21.730734, 23.703906
5.790000, 14.184925, 6.720286, 5.790000, 22.783955, 23.787283
5.800000, 14.503997, 6.698355, 5.800000, 24.356491, 23.870868
5.810000, 14.765320, 6.676031, 5.810000, 24.865360, 23.954663
5.820000, 15.166533, 6.653312, 5.820000, 23.416744, 24.038667
5.830000, 18.533108, 6.630194, 5.830000, 21.935341, 24.122882
5.840000, 15.220375, 6.606676, 5.840000, 20.996881, 24.207307
5.850000, 14.166487, 6.582755, 5.850000, 20.501127, 24.291944
5.860000, 13.697303, 6.558429, 5.860000, 20.648165, 24.376792
5.870000, 13.385059, 6.533695, 5.870000, 20.611622, 24.461853
5.880000, 13.179989, 6.508550, 5.880000, 21.274513, 24.547127
5.890000, 13.079896, 6.482993, 5.890000, 23.746157, 24.632614
5.900000, 13.119995, 6.457021, 5.900000, 23.557901, 24.718315
5.910000, 13.926415, 6.430631, 5.910000, 21.914970, 24.804230
5.920000, 14.352784, 6.403820, 5.920000, 22.091372, 24.890360
5.930000, 13.809789, 6.376587, 5.930000, 22.828827, 24.976707
5.940000, 14.087708, 6.348929, 5.940000, 24.297260, 25.063269
5.950000, 14.512018, 6.320843, 5.950000, 26.508274, 25.150047
5.960000, 14.993544, 6.292327, 5.960000, 26.474220, 25.237043
5.970000, 15.463816, 6.263378, 5.970000, 24.500181, 25.324257
5.980000, 15.941288, 6.233993, 5.980000, 23.078140, 25.411689
5.990000, 18.244297, 6.204171, 5.990000, 22.243763, 25.499340
6.000000, 16.679157, 6.173908, 6.000000, 21.958946, 25.587210
6.010000, 15.533139, 6.143202, 6.010000, 21.780844, 25.675301
6.020000, 15.045127, 6.112051, 6.020000, 22.019604, 25.763611
6.030000, 14.670218, 6.080451, 6.030000, 23.132990, 25.852143
6.040000, 14.373480, 6.048401, 6.040000, 26.179729, 25.940896
6.050000, 14.162794, 6.015897, 6.050000, 23.087757, 26.029872
6.060000, 14.070024, 5.982938, 6.060000, 22.960861, 26.119070
6.070000, 14.440136, 5.949519, 6.070000, 23.419434, 26.208492
6.080000, 15.160858, 5.915640, 6.080000, 24.343676, 26.298137
6.090000, 14.447747, 5.881297, 6.090000, 26.189140, 26.388007
6.100000, 14.691410, 5.846487, 6.100000, 28.608124, 26.478102
6.110000, 15.115949, 5.811208, 6.110000, 27.125170, 26.568422
6.120000, 15.658413, 5.775458, 6.120000, 25.282568, 26.658969
6.130000, 16.266594, 5.739233, 6.130000, 24.182165, 26.749742
6.140000, 16.901646, 5.702532, 6.140000, 23.620552, 26.840742
6.150000, 18.411737, 5.665350, 6.150000, 23.276127, 26.931970
6.160000, 18.314758, 5.627687, 6.160000, 23.248398, 27.023427
6.170000, 17.045748, 5.589538, 6.170000, 23.671431, 27.115112
6.180000, 16.579559, 5.550902, 6.180000, 26.647369, 27.207028
6.190000, 16.170914, 5.511775, 6.190000, 24.758198, 27.299173
6.200000, 15.804500, 5.472156, 6.200000, 23.894382, 27.391549
6.210000, 15.496410, 5.432040, 6.210000, 24.237423, 27.484156
6.220000, 15.278049, 5.391426, 6.220000, 24.919918, 27.576995
6.230000, 15.363204, 5.350311, 6.230000, 26.155388, 27.670067
6.240000, 16.151432, 5.308692, 6.240000, 28.869923, 27.763371
6.250000, 15.238605, 5.266566, 6.250000, 30.358461, 27.856909
6.260000, 15.389178, 5.223931, 6.260000, 27.584473, 27.950682
6.270000, 15.735753, 5.180784, 6.270000, 26.024166, 28.044689
6.280000, 16.241295, 5.137122, 6.280000, 25.098816, 28.138931
6.290000, 16.880323, 5.092942, 6.290000, 24.482403, 28.233410
6.300000, 17.612564, 5.048242, 6.300000, 24.129704, 28.328125
6.310000, 18.771317, 5.003019, 6.310000, 24.049210, 28.423077
6.320000, 19.857504, 4.957270, 6.320000, 25.039934, 28.518267
6.330000, 18.390657, 4.910992, 6.330000, 26.298164, 28.613695
6.340000, 17.961046, 4.864182, 6.340000, 24.108128, 28.709363
6.350000, 17.513628, 4.816838, 6.350000, 24.238682, 28.805269
6.360000, 17.066927, 4.768957, 6.360000, 24.731699, 28.901416
6.370000, 16.646225, 4.720536, 6.370000, 25.589651, 28.997804
6.380000, 16.280632, 4.671572, 6.380000, 27.282049, 29.094433
6.390000, 16.113512, 4.622062, 6.390000, 31.591774, 29.191304
6.400000, 16.772646, 4.572005, 6.400000, 30.118507, 29.288418
6.410000, 15.675160, 4.521395, 6.410000, 27.928942, 29.385775
6.420000, 15.660163, 4.470232, 6.420000, 26.681648, 29.483375
6.430000, 15.841358, 4.418511, 6.430000, 25.845360, 29.581220
6.440000, 16.207287, 4.366231, 6.440000, 25.280731, 29.679310
6.450000, 16.761972, 4.313388, 6.450000, 24.889549, 29.777646
6.460000, 17.497259, 4.259979, 6.460000, 24.873180, 29.876228
6.470000, 18.560244, 4.206002, 6.470000, 29.443481, 29.975056
6.480000, 20.668491, 4.151453, 6.480000, 24.544443, 30.074132
6.490000, 18.963123, 4.096330, 6.490000, 24.397560, 30.173457
6.500000, 18.687252, 4.040630, 6.500000, 24.689260, 30.273030
6.510000, 18.288334, 3.984350, 6.510000, 25.259394, 30.372852
6.520000, 17.848898, 3.927486, 6.520000, 26.265591, 30.472924
6.530000, 17.410873, 3.870037, 6.530000, 28.696209, 30.573247
6.540000, 16.992313, 3.811998, 6.540000, 32.645695, 30.673821
6.550000, 16.686136, 3.753368, 6.550000, 29.574850, 30.774647
6.560000, 17.369389, 3.694143, 6.560000, 28.320190, 30.875725
6.570000, 16.095407, 3.634320, 6.570000, 27.487915, 30.977057
6.580000, 15.950208, 3.573897, 6.580000, 26.998407, 31.078642
6.590000, 15.992658, 3.512869, 6.590000, 26.642443, 31.180481
6.600000, 16.223198, 3.451235, 6.600000, 26.374115, 31.282576
6.610000, 16.664047, 3.388992, 6.610000, 27.996418, 31.384926
6.620000, 17.338192, 3.326135, 6.620000, 26.178501, 31.487532
6.630000, 18.339474, 3.262663, 6.630000, 25.709913, 31.590395
6.640000, 21.845631, 3.198573, 6.640000, 25.850304, 31.693516
6.650000, 19.607103, 3.133860, 6.650000, 26.272316, 31.796895
6.660000, 19.591188, 3.068523, 6.660000, 26.993782, 31.900533
6.670000, 19.278391, 3.002559, 6.670000, 28.309271, 32.004430
6.680000, 18.845905, 2.935963, 6.680000, 33.140903, 32.108588
6.690000, 18.400414, 2.868734, 6.690000, 32.013443, 32.213006
6.700000, 17.954233, 2.800867, 6.700000, 30.742195, 32.317686
6.710000, 17.553585, 2.732361, 6.710000, 29.754503, 32.422627
6.720000, 18.156708, 2.663212, 6.720000, 29.203362, 32.527832
6.730000, 16.829912, 2.593417, 6.730000, 28.885571, 32.633300
6.740000, 16.573181, 2.522973, 6.740000, 28.547222, 32.739031
6.750000, 16.494905, 2.451876, 6.750000, 28.494261, 32.845028
6.760000, 16.600887, 2.380124, 6.760000, 28.376530, 32.951290
6.770000, 16.918777, 2.307714, 6.770000, 27.207382, 33.057817
6.780000, 17.487408, 2.234643, 6.780000, 26.989555, 33.164612
6.790000, 18.395885, 2.160906, 6.790000, 27.114201, 33.271674
6.800000, 23.151279, 2.086502, 6.800000, 27.566135, 33.379003
6.810000, 20.324678, 2.011427, 6.810000, 28.429405, 33.486602
6.820000, 20.763901, 1.935678, 6.820000, 30.484802, 33.594469
6.830000, 20.697119, 1.859252, 6.830000, 35.878235, 33.702607
6.840000, 20.339666, 1.782146, 6.840000, 32.708405, 33.811015
6.850000, 19.937626, 1.704356, 6.850000, 31.727974, 33.919695
6.860000, 19.532223, 1.625880, 6.860000, 31.023701, 34.028646
6.870000, 19.130074, 1.546714, 6.870000, 30.804970, 34.137871
6.880000, 19.330618, 1.466855, 6.880000, 30.602032, 34.247368
6.890000, 18.165581, 1.386300, 6.890000, 30.206879, 34.357140
6.900000, 17.773926, 1.305045, 6.900000, 31.367365, 34.467186
6.910000, 17.525116, 1.223089, 6.910000, 28.622557, 34.577508
6.920000, 17.437801, 1.140426, 6.920000, 27.935081, 34.688105
6.930000, 17.540836, 1.057054, 6.930000, 27.610527, 34.798979
6.940000, 17.877331, 0.972971, 6.940000, 27.650713, 34.910131
6.950000, 18.546736, 0.888172, 6.950000, 28.079002, 35.021561
6.960000, 23.937891, 0.802654, 6.960000, 29.097643, 35.133270
6.970000, 20.415211, 0.716414, 6.970000, 35.600288, 35.245258
6.980000, 21.286430, 0.629450, 6.980000, 32.983585, 35.357526
6.990000, 21.590071, 0.541757, 6.990000, 32.722492, 35.470075
7.000000, 21.346405, 0.453332, 7.000000, 31.719574, 35.582905
7.010000, 20.968779, 0.364173, 7.010000, 31.549082, 35.696018
7.020000, 20.633713, 0.274276, 7.020000, 31.753307, 35.809413
7.030000, 20.314548, 0.183637, 7.030000, 31.715954, 35.923093
7.040000, 20.282211, 0.092253, 7.040000, 36.984131, 36.037056
7.050000, 19.339333, 0.000122, 7.050000, 30.314375, 36.151305
7.060000, 18.885098, -0.092761, 7.060000, 29.331268, 36.265839
7.070000, 18.544643, -0.186399, 7.070000, 28.670938, 36.380659
7.080000, 18.348812, -0.280794, 7.080000, 28.399294, 36.495767
7.090000, 18.321829, -0.375951, 7.090000, 28.533024, 36.611162
7.100000, 18.496065, -0.471872, 7.100000, 29.107399, 36.726846
7.110000, 18.954683, -0.568561, 7.110000, 30.973242, 36.842819
7.120000, 24.497803, -0.666021, 7.120000, 33.327446, 36.959082
7.130000, 20.529282, -0.764256, 7.130000, 34.392685, 37.075636
7.140000, 21.626347, -0.863269, 7.140000, 33.373528, 37.192481
7.150000, 22.352627, -0.963063, 7.150000, 32.814098, 37.309618
7.160000, 22.293814, -1.063642, 7.160000, 33.260300, 37.427048
7.170000, 21.841686, -1.165009, 7.170000, 33.821198, 37.544771
7.180000, 21.450068, -1.267168, 7.180000, 34.507011, 37.662789
7.190000, 21.143883, -1.370121, 7.190000, 33.066402, 37.781101
7.200000, 20.988546, -1.473873, 7.200000, 31.821301, 37.899709
7.210000, 20.164141, -1.578426, 7.210000, 30.757507, 38.018613
7.220000, 19.593250, -1.683785, 7.220000, 30.058043, 38.137814
7.230000, 19.118694, -1.789952, 7.230000, 29.798260, 38.257313
7.240000, 18.799393, -1.896930, 7.240000, 29.990849, 38.377111
7.250000, 18.661858, -2.004725, 7.250000, 30.748537, 38.497208
7.260000, 18.725388, -2.113338, 7.260000, 34.126884, 38.617605
7.270000, 19.044237, -2.222773, 7.270000, 35.230705, 38.738302
7.280000, 23.955347, -2.333034, 7.280000, 35.726437, 38.859301
7.290000, 20.441387, -2.444124, 7.290000, 34.314087, 38.980602
7.300000, 21.664265, -2.556047, 7.300000, 34.545376, 39.102206
7.310000, 22.899080, -2.668806, 7.310000, 35.624428, 39.224114
7.320000, 23.330612, -2.782404, 7.320000, 36.611393, 39.346325
7.330000, 22.877161, -2.896846, 7.330000, 36.455872, 39.468842
7.340000, 22.334682, -3.012134, 7.340000, 35.212158, 39.591665
7.350000, 22.021317, -3.128273, 7.350000, 33.812294, 39.714794
7.360000, 21.855198, -3.245265, 7.360000, 32.637222, 39.838231
7.370000, 21.159845, -3.363114, 7.370000, 31.862892, 39.961976
7.380000, 20.462770, -3.481824, 7.380000, 31.542427, 40.086029
7.390000, 19.790173, -3.601398, 7.390000, 31.684956, 40.210392
7.400000, 19.270388, -3.721840, 7.400000, 37.552444, 40.335065
7.410000, 18.955177, -3.843153, 7.410000, 34.577614, 40.460049
7.420000, 18.856560, -3.965341, 7.420000, 37.152428, 40.585345
7.430000, 19.002659, -4.088407, 7.430000, 35.442425, 40.710954
7.440000, 23.416809, -4.212356, 7.440000, 34.876205, 40.836876
7.450000, 19.990807, -4.337189, 7.450000, 35.841835, 40.963112
7.460000, 21.090302, -4.462913, 7.460000, 37.429947, 41.089662
7.470000, 22.589586, -4.589528, 7.470000, 38.601139, 41.216528
7.480000, 23.806519, -4.717041, 7.480000, 37.874981, 41.343711
7.490000, 23.796240, -4.845453, 7.490000, 36.399876, 41.471210
7.500000, 23.128408, -4.974768, 7.500000, 34.948788, 41.599028
7.510000, 22.741457, -5.104991, 7.510000, 33.821133, 41.727164
7.520000, 22.652197, -5.236125, 7.520000, 33.099903, 41.855619
7.530000, 22.260576, -5.368173, 7.530000, 32.802959, 41.984394
7.540000, 21.610468, -5.501139, 7.540000, 33.373795, 42.113490
7.550000, 20.801155, -5.635027, 7.550000, 34.320621, 42.242908
7.560000, 20.080740, -5.769840, 7.560000, 37.081890, 42.372648
7.570000, 19.582241, -5.905582, 7.570000, 37.593826, 42.502712
7.580000, 19.335835, -6.042257, 7.580000, 35.442520, 42.633099
7.590000, 19.351645, -6.179868, 7.590000, 35.835732, 42.763811
7.600000, 24.422268, -6.318420, 7.600000, 37.368916, 42.894849
7.610000, 20.019779, -6.457915, 7.610000, 39.701458, 43.026212
7.620000, 20.906235, -6.598357, 7.620000, 40.383343, 43.157903
7.630000, 22.312719, -6.739751, 7.630000, 39.006432, 43.289922
7.640000, 24.060495, -6.882100, 7.640000, 37.194283, 43.422269
7.650000, 24.972647, -7.025407, 7.650000, 35.660942, 43.554946
7.660000, 24.447906, -7.169676, 7.660000, 34.538887, 43.687953
7.670000, 23.840733, -7.314912, 7.670000, 33.826279, 43.821290
7.680000, 23.723198, -7.461117, 7.680000, 33.532200, 43.954960
7.690000, 23.691797, -7.608296, 7.690000, 34.003147, 44.088962
7.700000, 23.323448, -7.756452, 7.700000, 35.378151, 44.223297
7.710000, 22.522194, -7.905589, 7.710000, 39.395016, 44.357967
7.720000, 21.610989, -8.055711, 7.720000, 36.360577, 44.492971
7.730000, 20.875368, -8.206821, 7.730000, 35.761959, 44.628311
7.740000, 20.417236, -8.358924, 7.740000, 36.848389, 44.763987
7.750000, 20.252892, -8.512023, 7.750000, 39.220592, 44.900001
7.760000, 25.696445, -8.666121, 7.760000, 42.005119, 45.036353
7.770000, 20.592457, -8.821224, 7.770000, 42.268429, 45.173043
7.780000, 21.257036, -8.977334, 7.780000, 40.263588, 45.310074
7.790000, 22.402502, -9.134455, 7.790000, 38.348450, 45.447444
7.800000, 24.187412, -9.292592, 7.800000, 36.854797, 45.585156
7.810000, 26.043077, -9.451748, 7.810000, 35.801842, 45.723210
7.820000, 26.233185, -9.611926, 7.820000, 35.128838, 45.861607
7.830000, 25.371262, -9.773131, 7.830000, 34.994625, 46.000348
7.840000, 24.976755, -9.935367, 7.840000, 35.212013, 46.139433
7.850000, 25.121149, -10.098637, 7.850000, 37.903690, 46.278864
7.860000, 25.153343, -10.262945, 7.860000, 38.375427, 46.418640
7.870000, 24.551914, -10.428296, 7.870000, 36.031883, 46.558764
7.880000, 23.494513, -10.594692, 7.880000, 36.495186, 46.699235
7.890000, 22.464323, -10.762139, 7.890000, 38.114109, 46.840054
7.900000, 21.714846, -10.930639, 7.900000, 40.902512, 46.981223
7.910000, 21.296385, -11.100197, 7.910000, 44.233494, 47.122743
7.920000, 22.957901, -11.270816, 7.920000, 43.375271, 47.264613
7.930000, 21.176876, -11.442501, 7.930000, 41.330181, 47.406835
7.940000, 21.569164, -11.615256, 7.940000, 39.702919, 47.549410
7.950000, 22.346680, -11.789084, 7.950000, 38.494293, 47.692338
7.960000, 23.731983, -11.963989, 7.960000, 37.670288, 47.835620
7.970000, 25.827564, -12.139975, 7.970000, 37.295662, 47.979258
7.980000, 27.197906, -12.317047, 7.980000, 36.972527, 48.123251
7.990000, 26.428951, -12.495208, 7.990000, 37.770981, 48.267601
8.000000, 25.567091, -12.674461, 8.000000, 42.232510, 48.412309
8.010000, 25.600378, -12.854812, 8.010000, 37.679653, 48.557376
8.020000, 26.018505, -13.036264, 8.020000, 37.381706, 48.702801
8.030000, 25.950541, -13.218821, 8.030000, 38.318680, 48.848587
8.040000, 24.999035, -13.402488, 8.040000, 40.105896, 48.994733
8.050000, 23.701754, -13.587267, 8.050000, 43.806351, 49.141242
8.060000, 22.617188, -13.773163, 8.060000, 46.579258, 49.288112
8.070000, 21.909185, -13.960180, 8.070000, 44.308315, 49.435347
8.080000, 21.869091, -14.148322, 8.080000, 42.504726, 49.582945
8.090000, 21.371578, -14.337594, 8.090000, 41.134518, 49.730909
8.100000, 21.540766, -14.527999, 8.100000, 40.134918, 49.879239
8.110000, 22.032274, -14.719540, 8.110000, 39.565796, 50.027936
8.120000, 23.009911, -14.912223, 8.120000, 38.828064, 50.177000
8.130000, 24.803066, -15.106052, 8.130000, 38.643143, 50.326432
8.140000, 27.164602, -15.301029, 8.140000, 41.284554, 50.476235
8.150000, 27.449816, -15.497160, 8.150000, 39.600300, 50.626407
8.160000, 26.171253, -15.694449, 8.160000, 37.901249, 50.776950
8.170000, 25.801245, -15.892899, 8.170000, 38.276375, 50.927865
8.180000, 26.294182, -16.092515, 8.180000, 39.325066, 51.079153
8.190000, 26.882483, -16.293300, 8.190000, 41.615868, 51.230815
8.200000, 26.514477, -16.495260, 8.200000, 46.831879, 51.382851
8.210000, 25.169464, -16.698397, 8.210000, 47.302975, 51.535263
8.220000, 23.753597, -16.902717, 8.220000, 44.777813, 51.688051
8.230000, 22.732439, -17.108222, 8.230000, 43.128304, 51.841215
8.240000, 22.144699, -17.314919, 8.240000, 41.943573, 51.994758
8.250000, 21.755415, -17.522809, 8.250000, 41.453831, 52.148680
8.260000, 21.732086, -17.731898, 8.260000, 40.450142, 52.302981
8.270000, 22.001585, -17.942191, 8.270000, 39.843712, 52.457662
8.280000, 22.659929, -18.153690, 8.280000, 40.020039, 52.612725
8.290000, 23.987240, -18.366400, 8.290000, 43.438396, 52.768171
8.300000, 26.444593, -18.580325, 8.300000, 38.324726, 52.923999
8.310000, 28.635471, -18.795470, 8.310000, 38.025669, 53.080212
8.320000, 27.492216, -19.011839, 8.320000, 38.498283, 53.236809
8.330000, 26.584108, -19.229435, 8.330000, 39.762936, 53.393792
8.340000, 26.873573, -19.448264, 8.340000, 42.792755, 53.551162
8.350000, 27.886639, -19.668329, 8.350000, 49.157295, 53.708920
8.360000, 28.553825, -19.889634, 8.360000, 46.746483, 53.867065
8.370000, 27.701859, -20.112184, 8.370000, 45.138550, 54.025600
8.380000, 26.036877, -20.335983, 8.380000, 43.834633, 54.184525
8.390000, 24.651735, -20.561035, 8.390000, 44.766399, 54.343842
8.400000, 23.687368, -20.787345, 8.400000, 42.465321, 54.503550
8.410000, 23.145329, -21.014917, 8.410000, 41.915882, 54.663651
8.420000, 22.905828, -21.243754, 8.420000, 41.439564, 54.824145
8.430000, 22.932257, -21.473861, 8.430000, 45.380043, 54.985035
8.440000, 23.263994, -21.705244, 8.440000, 40.432770, 55.146319
8.450000, 24.067541, -21.937904, 8.450000, 39.392403, 55.308001
8.460000, 25.812937, -22.171848, 8.460000, 39.362518, 55.470079
8.470000, 34.185661, -22.407080, 8.470000, 39.997677, 55.632556
8.480000, 29.118587, -22.643602, 8.480000, 41.532154, 55.795431
8.490000, 27.576488, -22.881421, 8.490000, 46.173542, 55.958707
8.500000, 27.346806, -23.120541, 8.500000, 49.648266, 56.122383
8.510000, 28.191755, -23.360964, 8.510000, 47.807064, 56.286462
8.520000, 29.586391, -23.602697, 8.520000, 46.632782, 56.450943
8.530000, 29.993095, -23.845743, 8.530000, 48.060371, 56.615827
8.540000, 28.590466, -24.090107, 8.540000, 45.407478, 56.781116
8.550000, 26.917770, -24.335792, 8.550000, 45.101990, 56.946811
8.560000, 25.690273, -24.582804, 8.560000, 44.614361, 57.112911
8.570000, 24.974728, -24.831147, 8.570000, 44.732471, 57.279419
8.580000, 24.580280, -25.080824, 8.580000, 44.476654, 57.446335
8.590000, 24.438154, -25.331841, 8.590000, 42.274712, 57.613660
8.600000, 24.544575, -25.584202, 8.600000, 41.657188, 57.781395
8.610000, 24.980076, -25.837912, 8.610000, 41.635738, 57.949541
8.620000, 26.026873, -26.092973, 8.620000, 42.272053, 58.118099
8.630000, 28.439442, -26.349392, 8.630000, 44.118469, 58.287069
8.640000, 30.674393, -26.607172, 8.640000, 51.757423, 58.456453
8.650000, 28.975887, -26.866319, 8.650000, 49.853439, 58.626251
8.660000, 28.117529, -27.126835, 8.660000, 49.181526, 58.796465
8.670000, 28.522923, -27.388726, 8.670000, 48.721111, 58.967095
8.680000, 29.814526, -27.651996, 8.680000, 47.599445, 59.138143
8.690000, 31.268309, -27.916650, 8.690000, 47.564293, 59.309609
8.700000, 30.773949, -28.182692, 8.700000, 47.311157, 59.481493
8.710000, 28.872980, -28.450127, 8.710000, 46.821854, 59.653798
8.720000, 27.323917, -28.718959, 8.720000, 50.232193, 59.826524
8.730000, 26.404995, -28.989192, 8.730000, 44.866268, 59.999672
8.740000, 25.877567, -29.260831, 8.740000, 43.747017, 60.173243
8.750000, 25.616835, -29.533880, 8.750000, 43.156441, 60.347238
8.760000, 25.582293, -29.808345, 8.760000, 43.115864, 60.521657
8.770000, 25.805674, -30.084229, 8.770000, 43.812992, 60.696502
8.780000, 26.446051, -30.361537, 8.780000, 46.877537, 60.871774
8.790000, 28.055433, -30.640273, 8.790000, 50.660782, 61.047473
8.800000, 31.321896, -30.920443, 8.800000, 50.463623, 61.223601
8.810000, 30.793499, -31.202050, 8.810000, 50.365604, 61.400158
8.820000, 29.009659, -31.485099, 8.820000, 48.676758, 61.577146
8.830000, 28.936281, -31.769595, 8.830000, 48.870235, 61.754565
8.840000, 29.853193, -32.055542, 8.840000, 49.029247, 61.932416
8.850000, 31.647804, -32.342945, 8.850000, 48.672005, 62.110701
8.860000, 32.771912, -32.631808, 8.860000, 51.088600, 62.289419
8.870000, 31.083416, -32.922136, 8.870000, 46.959229, 62.468573
8.880000, 28.989237, -33.213933, 8.880000, 45.447063, 62.648163
8.890000, 27.734886, -33.507205, 8.890000, 44.428677, 62.828190
8.900000, 27.025684, -33.801956, 8.900000, 43.893963, 63.008655
8.910000, 26.636047, -34.098189, 8.910000, 43.942642, 63.189559
8.920000, 26.470957, -34.395911, 8.920000, 44.926811, 63.370902
8.930000, 26.517395, -34.695125, 8.930000, 52.876255, 63.552687
8.940000, 26.849468, -34.995836, 8.940000, 50.727295, 63.734914
8.950000, 27.773638, -35.298049, 8.950000, 51.480488, 63.917583
8.960000, 30.366966, -35.601769, 8.960000, 49.994404, 64.100696
8.970000, 32.803093, -35.906999, 8.970000, 50.222683, 64.284254
8.980000, 30.148483, -36.213745, 8.980000, 51.093887, 64.468257
8.990000, 29.382036, -36.522012, 8.990000, 51.446358, 64.652707
9.000000, 29.772877, -36.831804, 9.000000, 51.176868, 64.837605
9.010000, 31.062698, -37.143125, 9.010000, 50.303059, 65.022951
9.020000, 33.217033, -37.455981, 9.020000, 48.455189, 65.208747
9.030000, 33.164696, -37.770376, 9.030000, 47.011826, 65.394994
9.040000, 30.619987, -38.086315, 9.040000, 45.943985, 65.581692
9.050000, 28.881592, -38.403802, 9.050000, 45.366371, 65.768842
9.060000, 27.947248, -38.722842, 9.060000, 45.417305, 65.956446
9.070000, 27.450035, -39.043441, 9.070000, 47.484566, 66.144504
9.080000, 27.218136, -39.365602, 9.080000, 50.094055, 66.333018
9.090000, 27.193064, -39.689330, 9.090000, 52.582253, 66.521989
9.100000, 27.391993, -40.014631, 9.100000, 51.610741, 66.711416
9.110000, 27.952007, -40.341508, 9.110000, 51.032738, 66.901302
9.120000, 29.499125, -40.669967, 9.120000, 52.287235, 67.091648
9.130000, 33.462788, -41.000013, 9.130000, 53.779068, 67.282453
9.140000, 31.907391, -41.331649, 9.140000, 54.231987, 67.473720
9.150000, 30.406450, -41.664882, 9.150000, 54.205791, 67.665450
9.160000, 30.505430, -41.999715, 9.160000, 52.179474, 67.857643
9.170000, 31.312473, -42.336153, 9.170000, 50.622864, 68.050300
9.180000, 33.117016, -42.674202, 9.180000, 49.283379, 68.243422
9.190000, 35.297279, -43.013866, 9.190000, 48.312065, 68.437011
9.200000, 33.051624, -43.355150, 9.200000, 47.784611, 68.631067
9.210000, 30.664436, -43.698059, 9.210000, 47.972988, 68.825591
9.220000, 29.390383, -44.042597, 9.220000, 51.490871, 69.020585
9.230000, 28.717550, -44.388769, 9.230000, 52.275982, 69.216049
9.240000, 28.373173, -44.736581, 9.240000, 53.796249, 69.411984
9.250000, 28.257175, -45.086037, 9.250000, 51.704273, 69.608392
9.260000, 28.357061, -45.437141, 9.260000, 52.304169, 69.805273
9.270000, 28.712172, -45.789900, 9.270000, 54.329170, 70.002628
9.280000, 29.643080, -46.144316, 9.280000, 56.100067, 70.200458
9.290000, 32.654099, -46.500397, 9.290000, 58.864342, 70.398765
9.300000, 34.543472, -46.858146, 9.300000, 55.088882, 70.597550
9.310000, 31.925264, -47.217568, 9.310000, 53.518303, 70.796812
9.320000, 31.796684, -47.578668, 9.320000, 52.033508, 70.996554
9.330000, 32.444817, -47.941451, 9.330000, 50.855133, 71.196777
9.340000, 33.744473, -48.305922, 9.340000, 50.057442, 71.397481
9.350000, 36.298676, -48.672086, 9.350000, 49.690460, 71.598667
9.360000, 36.469955, -49.039948, 9.360000, 53.418362, 71.800337
9.370000, 33.373966, -49.409513, 9.370000, 51.854568, 72.002491
9.380000, 31.619015, -49.780785, 9.380000, 55.525433, 72.205130
9.390000, 30.735840, -50.153770, 9.390000, 53.303787, 72.408257
9.400000, 30.262764, -50.528472, 9.400000, 52.363476, 72.611871
9.410000, 30.042074, -50.904897, 9.410000, 54.090668, 72.815973
9.420000, 30.125092, -51.283049, 9.420000, 56.956829, 73.020565
9.430000, 30.233335, -51.662934, 9.430000, 60.067375, 73.225647
9.440000, 30.797375, -52.044556, 9.440000, 58.249313, 73.431222
9.450000, 32.481895, -52.427921, 9.450000, 56.493668, 73.637289
9.460000, 37.028538, -52.813033, 9.460000, 54.696789, 73.843849
9.470000, 33.830914, -53.199897, 9.470000, 53.140816, 74.050905
9.480000, 33.221718, -53.588519, 9.480000, 51.976456, 74.258456
9.490000, 33.734730, -53.978903, 9.490000, 51.179909, 74.466504
9.500000, 34.680046, -54.371054, 9.500000, 50.978363, 74.675050
9.510000, 36.532822, -54.764978, 9.510000, 51.483368, 74.884095
9.520000, 39.145206, -55.160680, 9.520000, 53.972717, 75.093640
9.530000, 36.220345, -55.558164, 9.530000, 55.972191, 75.303686
9.540000, 33.563183, -55.957435, 9.540000, 52.084988, 75.514234
9.550000, 32.281830, -56.358500, 9.550000, 52.488995, 75.725285
9.560000, 31.564644, -56.761362, 9.560000, 55.040501, 75.936840
9.570000, 31.159029, -57.166026, 9.570000, 58.940311, 76.148900
9.580000, 30.994938, -57.572499, 9.580000, 60.878826, 76.361467
9.590000, 31.049953, -57.980784, 9.590000, 59.573788, 76.574540
9.600000, 31.394779, -58.390888, 9.600000, 57.697784, 76.788123
9.610000, 32.363754, -58.802814, 9.610000, 55.858604, 77.002214
9.620000, 36.177589, -59.216569, 9.620000, 54.380798, 77.216816
9.630000, 35.448326, -59.632157, 9.630000, 53.322304, 77.431930
9.640000, 33.979401, -60.049583, 9.640000, 52.617706, 77.647556
9.650000, 34.454449, -60.468854, 9.650000, 52.642021, 77.863696
9.660000, 35.357040, -60.889972, 9.660000, 52.844242, 78.080350
9.670000, 36.699383, -61.312945, 9.670000, 57.480980, 78.297521
9.680000, 39.563210, -61.737777, 9.680000, 53.746414, 78.515208
9.690000, 39.434944, -62.164472, 9.690000, 52.099369, 78.733413
9.700000, 35.491451, -62.593037, 9.700000, 53.278820, 78.952136
9.710000, 33.633808, -63.023477, 9.710000, 56.449741, 79.171380
9.720000, 32.569332, -63.455796, 9.720000, 61.054138, 79.391145
9.730000, 31.867514, -63.890000, 9.730000, 61.944912, 79.611433
9.740000, 31.427544, -64.326094, 9.740000, 60.379528, 79.832243
9.750000, 31.232643, -64.764083, 9.750000, 58.705826, 80.053578
9.760000, 31.311041, -65.203973, 9.760000, 57.165051, 80.275438
9.770000, 31.814770, -65.645768, 9.770000, 56.056797, 80.497824
9.780000, 33.823624, -66.089474, 9.780000, 55.323730, 80.720738
9.790000, 37.310036, -66.535096, 9.790000, 59.065262, 80.944181
9.800000, 34.089195, -66.982640, 9.800000, 54.595726, 81.168154
9.810000, 34.454433, -67.432110, 9.810000, 56.544804, 81.392657
9.820000, 35.472477, -67.883512, 9.820000, 58.720146, 81.617692
9.830000, 36.784271, -68.336851, 9.830000, 54.103413, 81.843260
9.840000, 38.957718, -68.792132, 9.840000, 54.047417, 82.069362
9.850000, 42.579956, -69.249360, 9.850000, 55.743057, 82.295999
9.860000, 38.327713, -69.708542, 9.860000, 59.770805, 82.523173
9.870000, 35.683395, -70.169681, 9.870000, 64.540848, 82.750883
9.880000, 34.313847, -70.632784, 9.880000, 63.848167, 82.979132
9.890000, 33.362778, -71.097856, 9.890000, 62.194504, 83.207921
9.900000, 32.671665, -71.564902, 9.900000, 60.535473, 83.437250
9.910000, 32.218498, -72.033927, 9.910000, 59.189659, 83.667121
9.920000, 32.022633, -72.504936, 9.920000, 58.320770, 83.897535
9.930000, 32.162090, -72.977936, 9.930000, 58.168499, 84.128492
9.940000, 33.075008, -73.452931, 9.940000, 57.113865, 84.359995
9.950000, 38.465279, -73.929926, 9.950000, 57.204308, 84.592044
9.960000, 34.802490, -74.408928, 9.960000, 62.585144, 84.824639
9.970000, 34.748657, -74.889940, 9.970000, 56.997410, 85.057783
9.980000, 35.782707, -75.372970, 9.980000, 55.392044, 85.291477
